acc_x,acc_y,acc_z,gyro_x,gyro_y,gyro_z,activity
0.9967141530112327,0.16173569882881533,1.3476885381006924,1.7230298564080253,0.06584662527666402,-0.13413695694918054,Walking
2.0792128155073915,1.0674347291529087,0.23052561406504785,0.7425600435859647,-0.16341769281246227,-0.36572975357025683,Walking
0.7419622715660341,-1.6132802446577978,-1.0249178325130328,-0.3622875292409727,-0.7128311203344238,0.4142473325952739,Walking
-0.4080240755212109,-1.1123037013352914,2.165648768921554,-0.025776300486535647,0.3675282046879238,-1.3247481862134567,Walking
-0.04438272452518266,0.41092258970986606,-0.45099357742230284,0.5756980183456719,-0.300638689918805,-0.19169374979327677,Walking
-0.10170661222939692,2.152278184508938,0.686502775262066,-0.8577109289559004,1.122544912103189,-1.1208436499710221,Walking
0.7088635950047554,-1.6596701238797755,-0.6281860488984305,0.39686123586912353,1.0384665799954105,0.2713682811899705,Walking
0.38435171761175946,-0.0011036955892888,-0.7785219903674274,-0.5198442083947086,-0.1606387709597875,1.1571222262189158,Walking
0.8436182895684614,-1.463040155362734,1.024083969394795,-0.18508228041631652,-0.37692200030595874,0.7116762888408679,Walking
1.530999522495951,1.2312801191161986,-0.13921752322263858,-0.10921237585121457,0.6312634314035639,1.0755451271223593,Walking
0.020825762154710048,0.11434102333618287,-0.40633497400602825,-0.9962066240806708,1.112525822394198,1.456240028570823,Walking
0.4279898784196662,1.3035328978920242,1.0616360250476342,-0.44511975460512426,0.6613956055084139,1.6380365664659693,Walking
0.4641739608900485,1.8646436558140063,-1.9197451040897444,1.021902504375224,0.3870470682381712,-0.19900735046586746,Walking
0.5917607765355023,-1.6875689146008928,0.48032811216248805,0.5571125715117464,1.7778940447415161,-0.4182702182736474,Walking
-0.3084936028931876,-0.20175704358453656,1.615402117702074,0.5287511096596844,-0.22976020376703882,0.6132674331133561,Walking
0.5970775493480404,1.2686449905328891,-0.0020530938773524188,-0.1276621465977682,-0.09210815313215764,-1.3635149481321185,Walking
0.7961202770645761,0.5610552721798894,0.7051134566424608,-0.034587133375146906,-1.1153707420504142,-0.32064532276535906,Walking
0.15728548347323051,-0.5022772692216189,0.5387142883339908,0.6040508568145384,2.1861859012105302,0.27457781283183896,Walking
0.7575503907227643,0.22555408423383277,-1.2187712152990415,0.17348612455078313,0.36023020994102645,2.563242112485286,Walking
0.3076390352188775,0.6015473423336124,0.6652882302947567,-0.9686780376195321,1.4428228145150206,0.8519330326867741,Walking
1.291031947043047,-0.6093874547947389,2.1027943109360994,-1.201851062792281,0.8868570938002702,2.2904556258099786,Walking
-0.49053632513068834,-0.2662977296027719,0.7996513650876411,-0.3034756541161992,-1.2506634310661326,0.16856297480602733,Walking
-0.5623037137261049,0.7735924306351816,-0.2194242342338032,1.7499344050175394,-0.4832532923362371,-0.22206151620567557,Walking
1.3135172173696699,-0.9308643164339552,0.9274599346041293,1.507142754282428,-1.3074832345612275,0.2846338585323042,Walking
0.7598827942484235,1.0818228717773104,-0.536950710878082,-1.1204566130842764,0.8219415656168976,0.3969846732331861,Walking
0.7504928503458765,0.6464482094969757,0.019975278421509146,0.4322536971610036,0.5930724732986812,-0.6143514180263678,Walking
2.365774511144757,0.7738329209117876,-0.49130349720264865,0.8565536086338297,-0.6746816702273215,0.887084603742452,Walking
1.658595579007404,-0.5206823183517104,1.6633761292443219,0.6127809269364983,1.12206015999449,1.9967929826539474,Walking
0.25461188399712953,-0.4537361643574896,-0.18951442962552334,-0.6158102849654383,0.22289829058589578,0.4411519748166439,Walking
0.776690799330019,1.1271832490360238,0.713001891877907,1.6535340771573168,0.03534316676204391,2.820169166589619,Walking
1.125667347765006,-0.5571575564162825,-0.37089249806111235,0.6824724152431854,0.07653721467414909,0.814000494092092,Walking
0.9732376245735448,0.22717108734312721,-0.14679371806840502,-1.3148472246858647,-0.1465149520670211,0.9563987943234723,Walking
0.714093744130204,-0.945738778711988,0.873180925851182,0.5853173797288368,-0.5838574362011331,0.2537251059455279,Walking
0.5582087184459998,-0.842970297830623,1.0577873603482832,0.7607845263682345,1.383051243175277,1.153802052034903,Walking
-0.877669367957091,-0.6378250399151228,1.2150352672086597,0.7137859509122089,0.8150476863060478,3.9527314906547213,Walking
1.070890510693167,1.435565640180599,1.6540017634932023,0.851391251305798,-0.015269244640345625,0.8589692204932674,Walking
-0.2728252145375718,0.06318139325999111,0.2146364521708965,0.28187413938632255,2.6146585666735085,-1.767265192591748,Walking
1.1862601903745134,-1.3127158711896516,0.2280681342105665,1.288950596967366,0.36428001909546276,-0.9777447779293061,Walking
-0.21530370925996822,0.9795977489346759,-0.030366631717136716,0.4164585895819749,0.3455718399038138,-0.5516003476058171,Walking
2.6439440893253257,0.9339190223180112,-1.3251425866576072,0.38645431476942765,-0.361786464768388,0.9524333347962239,Walking
-0.29252073843270066,0.18526355853310097,1.204987278980457,1.0657551941701215,-0.9002964070557762,-0.23450123584094837,Walking
0.025054688839043826,-0.3533292325737119,2.4654542402810966,0.6049817109609555,-0.9608839543350451,1.017861947054776,Walking
2.6221561970126332,1.332465260551147,-0.8193699659540135,-0.28423407286625135,1.5669111491866228,-0.6076694656187808,Walking
0.9438194281462284,1.0746340534293368,-0.226930471578083,0.14047464393819992,-2.9412673400690728,-0.9243876413342899,Walking
0.2474318486068397,-0.9477831819648495,2.332411303931635,-1.2301413779606327,-0.14004448669698377,0.23074057728609135,Walking
1.9412732890661155,-1.1358621511794393,1.8631637521549596,0.21023306101958705,-0.6815086510479509,0.5621034742632708,Walking
0.69905969557347,-0.3002168771587947,0.7698020849900189,-0.1853135968617602,0.41351734525124806,0.7621306745210467,Walking
2.086016816145352,-0.937815498826849,2.8330333746562664,-1.752087799522502,0.14821490496441667,0.6883172064845765,Walking
0.7809918677350327,-0.3226995198205938,0.49187774964272474,-0.2930009346588328,-0.28936475694421154,0.9496020970210246,Walking
0.8570154859650474,-0.3929095952606542,1.5995998754332508,0.5072995208766093,1.11286211883896,0.7296288419236122,Walking
-0.3289950109220723,-0.2601810401969696,1.4472936051232619,0.8103702654334648,0.27909840603585184,0.21732738330878199,Walking
1.777664895788425,-0.29157138883582995,1.2470973811700379,-0.002192652433894049,0.0823187967727797,1.1987768519871902,Walking
1.3254163489880297,1.1135096360006385,2.0054788071543292,0.22100384163275905,0.981952971294964,-0.21026675659345603,Walking
0.8241663524884422,0.1698569456323154,0.7969959649927182,0.7951570254369136,-0.5182206832334726,2.1923872756854603,Walking
-0.506017381499702,-0.9141886127877321,1.8581108735000678,0.9916626939629358,0.9241198170521552,0.7283455092642799,Walking
0.4877532271530854,-0.5972543714858316,0.7758045581937263,-0.4771617115121117,1.275119733417751,-0.047057381502138645,Walking
-0.32549719679251155,-0.021385841652993454,1.1129314542756243,-0.3637245528039747,-0.5222203955664315,0.3436872114919123,Walking
0.7449665711087228,-0.20694317537112977,0.22896169438167718,0.4320499373576363,-1.148084341497324,-1.3074637743765551,Walking
-0.218444221252436,0.08655284828815274,1.0109075655980044,1.675356216949552,1.1576596232020193,-0.059938529963427106,Walking
0.4809837920973112,-0.7025293646378088,0.68148686400761,-0.08865863892013831,0.6227185603380895,-0.727230943552323,Walking
1.0193465142411724,1.8327389130025777,0.5912398515431424,0.6017117220989414,0.9901439917111126,-0.3012204718858362,Walking
0.7240924818104167,0.31259240078179484,0.7976760985488317,-0.5730097838554664,0.3245101742589427,0.5979982912454498,Walking
1.9511436077950417,1.2592708260852068,2.853182457511556,-0.5673475628880496,1.1723206367206782,0.2833420057383518,Walking
2.6898029332176723,-0.5082982853551514,-0.1397218421807761,-0.39939264544402214,-1.8238957243098068,-0.42575502168076107,Walking
-0.25913266155369796,0.45039378647620765,1.0417559757771593,2.0761708392158864,1.2504238381860502,-0.4769036556624031,Walking
-0.39841467134835795,0.7919191715065057,-0.6202332070206422,2.031458765854354,1.479440120721287,-0.3691756521047048,Walking
-1.2131345290908775,1.6538723741654129,0.5854601547473821,1.4378163119734617,-1.294427658794367,-0.4993750229537729,Walking
0.5052436997181832,0.34698059376474205,0.24993452852075632,0.8228499323474987,-0.7676204293825943,-0.04237948502129349,Walking
0.6202956317118988,0.814438834058749,1.4116148780888897,-0.9246420918378693,-1.2341141707356222,1.3776768218985092,Walking
0.8323140119795917,-0.4484865365565536,2.251151975522523,0.3156746342928587,1.4792971840638265,0.16751848141010894,Walking
2.560747924881987,2.0553408424432043,0.45103585152092646,1.1715709509543555,0.9453759495851475,1.4686315575323488,Walking
-0.4649234605801045,0.9860514599984394,1.7584244868495877,-1.5587394864231143,-0.883258512665775,-1.9392321777601005,Walking
0.23059316555544224,1.0175422557959624,2.202357052096028,0.2740947804197752,1.928615545571292,-1.2801014582148913,Walking
-1.2033824393551547,0.2444523011033812,1.0840654489393073,0.1673052519059069,-1.7674421000398766,0.010879960487211598,Walking
-0.8044695005048532,0.9696725488300384,1.0665982460968482,-0.7398797863273552,-0.21386691733669355,-0.9592135218889516,Walking
0.4373209027268281,1.2551423205012382,-0.28572604633554377,0.7040465155178444,-0.2302576183724408,-0.6928728322623442,Walking
0.39296964004544216,-0.735242322419374,0.14635069465281791,-0.9978778925888485,2.2647251329163893,0.13526355197172862,Walking
-0.1997255079925856,0.513979910734222,0.5876719503091701,-0.02096959953322297,0.9141667000434253,0.8575077100473051,Walking
-0.030501147610527468,-0.27581824064468,0.42494830284835594,-2.1019211647355847,-1.2151910621985522,1.4668742674445248,Walking
2.1449677135012837,0.05096396044362167,1.2765569630557665,0.5112501545435362,3.3788808084552375,1.2195749114345769,Walking
0.37208240851923347,-0.6555404406004257,-0.9064463202575725,0.4034636358672231,-0.45635074528430336,-1.322253709597674,Walking
-0.14657288424252657,-0.7815480036143949,2.387141635072565,1.0816397569494505,0.29202735868338264,1.579944138890026,Walking
0.5773683076476183,-0.5612842013282637,2.223124077269657,0.7389100436846587,-0.7372461543264563,-0.09033867808360818,Walking
-0.3756182533847572,-1.082799730964336,1.6261775475316413,2.1094166404701307,-1.0985675738191412,0.6629692366905708,Walking
-0.15064256912182694,-0.18712538376469606,0.10760607576113079,-0.663990769679816,0.348521627944827,-0.7309501164110378,Walking
0.7704568257798388,0.24976189055086304,0.4610519531335902,-0.7075636620415979,-0.27677133056833275,0.855391225825756,Walking
1.0009171876243808,-0.6775552447985511,0.7993323054292258,0.951387123371789,-1.3694052811213717,0.643360192379935,Walking
-0.16262375894584669,0.8705986685931593,-0.0632591565425169,-1.604882100664519,-1.3275424378831626,0.148084946661382,Walking
0.7597225017214819,-0.6043166251044085,1.3385924587773739,-1.46152006226896,0.23392020135268343,-1.1110161997624566,Walking
-0.15183610780215917,0.347398671316414,-0.16041336528395245,-0.18455554422982534,1.3062928092144406,-0.47689186952314877,Walking
1.335692112065142,-0.8297068546576181,1.2298041779152826,1.6415686206579003,-2.1716445001272895,-0.6968952554704768,Walking
1.0770721271805401,0.0969546139570073,1.0711458733713088,-0.40398518671582057,0.3865897874728999,-0.05567723539207947,Walking
1.6677820616598074,0.5544208433012131,1.0376026620752021,-0.21187696612246737,-0.18760622407249355,-0.3325581878196209,Walking
0.8944521423782968,-0.12098448082026297,0.9897748568964129,2.275400798645439,1.1711247034316923,-0.22602353216784113,Walking
1.7012139221639448,-0.1080753730215514,-1.338124535177854,-0.8080863109174041,-1.5707919210258556,-0.2515134840413087,Walking
0.5184183791895517,1.9764373122752827,1.0269273737641627,-0.01910052880886423,1.129405581183489,-2.111135309007885,Walking
0.7356145581085659,1.0708651938869669,-0.7785862457798416,1.343754043206929,0.6384964074944142,-0.31528791390080124,Walking
1.132781866106285,2.5706928578043957,0.8818662550584951,0.4482205863003361,-0.15936089954024413,-0.7498443694647918,Walking
1.3303358165442456,-0.5560838259088672,0.7715662372193924,-0.27765744676511667,0.7789798257463918,0.43366210528694826,Walking
1.5375399442578992,-0.21001639885474704,0.4301250647066287,-0.7787637157823073,-0.1442932600761116,0.4773004930448522,Walking
2.256988616645352,0.27783467582237453,2.6696059201056603,2.355637858804951,1.513434903223701,2.776795812558066,Running
0.726210800896427,-0.04465470331141708,0.021279751095721444,2.4960443114891833,1.7543656563540577,0.844415329089545,Running
1.7799686263198202,0.07451095270162345,4.245751979616826,1.1292211819752276,1.209394794604893,1.6257666238986919,Running
1.9810092317367132,1.4238840242791313,1.009525544554688,1.4714683571359957,2.9820244964750335,2.245420046154978,Running
3.093186626639397,0.6887843235688148,0.8103951797414192,0.8742130799003518,1.1557249122886948,1.9941915184709487,Running
-0.19246462971481937,2.7295503194606137,1.6419921014210106,0.57311893005258,0.08789562473983259,-0.7548566718657693,Running
2.3231705839619146,1.2733179671884038,0.5100391002589462,-0.2950787720636161,0.7642153007098719,2.569021525289393,Running
1.2404086486363952,-0.30314295311810624,1.5542569359140557,0.7272764302523296,-1.5968866429415716,0.8457051334821878,Running
1.269065469791322,1.8962063648134184,3.648956094945345,2.1265650295477574,0.8311113094451695,-0.20652590874167032,Running
4.07335980324986,1.2592184340144883,1.8139292919129462,0.9758749128899967,1.298084760767855,0.7556395880760576,Running
0.9263379931197637,0.6531410587596078,1.7672467297840018,0.45657522886623503,0.3871542173228357,1.0064302276918968,Running
1.2450227825791447,2.7039929885826886,-0.850969808393012,2.0915068519224618,2.346085192497629,-1.1733902324081495,Running
1.1573124059196513,0.8285591340042084,0.3924883052821788,0.2221833124091247,-0.010575845465828682,2.652270443423623,Running
2.435678393147461,2.4715550949941587,2.5216720640432353,-0.12905177121722922,0.5754797337202264,1.389374561227918,Running
0.2778721911080546,1.912998430172388,1.559674601841865,0.6251791924504024,1.8109599682034916,1.3442633114860398,Running
1.13903383418092,2.359329803364248,0.7189366724001027,1.6159356069442636,1.693101257968384,0.5904535606860097,Running
1.826133022242118,-0.051113576385303006,2.724027019206901,0.815097863557011,0.5772769794809606,1.9490092258368894,Running
0.7956563094572408,-0.2084612963635597,0.2433708264760963,1.6060099513456396,-0.180429352496283,2.654794181984365,Running
-0.581929407883722,2.896456368290038,2.0110174672026186,0.9032868881296077,0.5550809131910504,1.2991361143520708,Running
1.4623652975751515,2.3033018820165214,1.9142276486620398,1.1503017614618776,0.7363877877861442,0.8430543762789325,Running
1.8078017688920591,-0.5101683926566256,0.45181457789428703,1.7432640940227149,1.270865438127942,0.7160166636473209,Running
1.518433933065393,1.547581705361671,1.2602403196906384,0.22169527459768734,1.2958452550976816,-0.07837277761503203,Running
1.908252755714472,-0.5025836042378404,2.829155637325644,1.472597482413043,1.3560297343138759,1.882690983945514,Running
3.1654744444625766,2.21437006501813,-0.04087423133164525,-0.27957696673570154,0.47518142230432125,0.9260910502108338,Running
2.017659020469123,0.47425618684653437,1.9867667644770783,0.24461706764667746,0.48848219700805184,-0.5066610968482222,Running
0.5767667538890957,-0.15168460561633368,0.8241267470226673,2.0536417966078395,0.15060111116805708,3.5323820648373907,Running
1.9933179008808892,1.3848361236948739,0.9416422198187865,1.7003098794089913,0.5243621737622262,1.0220098146453616,Running
4.060084538268795,1.1039401002753502,2.9492733262856756,0.2968235748741126,1.0650115095030384,2.67080063563551,Running
0.8730329422122326,3.0124485579969287,2.5077519354554756,0.43753322410573237,1.732407739055521,1.87255444962673,Running
2.1218099622171964,-0.37022471989045647,1.0728628241751315,0.7524813644484952,1.0255665708999537,1.520672097550678,Running
1.6777010009332538,-0.1353443587101013,2.180197851005963,1.610585745283823,1.65979044793104,1.980780725554622,Running
2.333922154548904,1.6591800792284366,1.729834288541353,-0.6609609335159914,1.529618219132586,1.1076876871631112,Running
1.7715788371953733,-0.07674857582030947,0.7189434595917377,2.0531528533329038,1.060444846143345,1.5815006973726244,Running
1.528318376130461,1.2297561394957452,2.738283805975998,0.4839552717826261,1.1961207769409834,0.43772471129495755,Running
1.0655037725676844,0.8908278765313606,2.0221337716337127,0.5212513783365227,2.355756125573521,0.005392697780496114,Running
1.313128355838641,0.760268941725825,3.2469778843537327,1.1965547765115747,2.131844539468635,-0.585560373036972,Running
1.7670502658692588,2.089630795623437,1.8822839892754242,2.065480375065351,0.5827115498996279,2.30934744018558,Running
3.7988981236192503,0.8371614395603408,1.3544974785992283,2.4533844771177007,2.6795721457307122,0.37713997284673173,Running
1.0798131829041426,0.9182153911394928,0.455549488965723,0.08134805351580177,0.09585923324793222,0.13220243489587158,Running
1.465315112613219,1.4342147325365207,3.350500492814077,0.001645959261209029,2.084322398476584,0.686011155774491,Running
1.4505362903475671,1.8748194921666037,0.6772779784377014,1.3824097461840505,1.2664522082130563,1.392451264008149,Running
1.789168643907818,3.655300139910894,1.162260015748684,0.46900304499818235,0.4768594735752357,0.34452288083974536,Running
0.8626128726934823,2.3890165311075515,3.220504247989855,0.4292537062505237,0.2676444268957714,1.371415556386404,Running
0.9477769557190288,1.8329318177555107,2.0029230208513,-0.5157441149972319,2.6475052013300617,2.695877673095522,Running
0.8872113095156138,0.8122984400640159,2.085865390724905,1.334456789987025,1.7585442726728306,2.9102045387663495,Running
1.3230527725059507,0.4017027554615462,0.4206807719854728,0.2690699600580809,1.066873027126203,2.6945578635177876,Running
0.9823887009638286,1.4237879516388985,1.7835771039272479,2.188393273448084,3.6269324258736217,0.3691312270796794,Running
1.010560557481778,2.244160877069072,2.4818914896263116,2.8467073257360336,1.683928185325964,0.5407079092129405,Running
2.0906548306923094,2.3087035805829075,2.620482181197364,1.5072740311072979,2.166674689589154,2.0692955904456727,Running
2.882158991037527,1.8487098875896426,1.6328819196831457,1.1467136864333227,2.306508966508357,0.08306432901276395,Running
1.8686733088729013,0.8066611876726393,1.8287448229348175,2.278451862607299,1.2910990680199035,0.9464365481561489,Running
0.14014385902008075,1.9462535660272207,2.4454841811410755,3.16325472330546,0.7922217650469993,1.119150327663939,Running
1.7493836837107553,2.777453279763474,1.7047044676130478,1.2790215257703392,1.7078965097165393,1.0866091231563582,Running
1.0535663854494717,1.3940899928983075,2.873631749859772,-0.026515299411060234,1.232969674146876,0.1998791850608268,Running
2.6950466289248425,-0.32318690478377476,1.2410781527284116,1.3772118750645208,2.6655240292343407,0.8342497389270123,Running
0.9448004733068016,3.0811570694405903,0.35198609958375604,-1.198805956620082,1.5400144500533326,0.39794577564738887,Running
0.47876718286928677,1.9083564472993533,2.0438007137711987,0.43592136926327163,-0.18030439867089432,1.7724573282801446,Running
2.150201177958661,1.100824136220617,3.6466369960476657,-0.07008476632615257,-0.42552517092473874,0.2080919301187556,Running
1.4544139836445023,1.4433394493226919,1.55876394214367,1.3520553965142967,-0.15153942419044397,2.3437646040732596,Running
1.4178488216074312,2.317295831588128,2.1427253463777043,1.456753219153784,1.6697672802322039,1.347708560017315,Running
2.142722759867544,2.529152530132431,1.9965211697014702,1.7090037575885124,1.0102643057127734,2.3401172154494727,Running
0.8236076979407303,3.0009404329108156,1.7598420493556566,-0.43077510211804815,1.2281044149107894,0.2189483425251192,Running
2.340643548988724,0.547376020697609,1.3538165667852202,-0.889540730945531,0.6476936807509234,-1.5238793266289568,Running
-0.08390282348572331,1.9604146561442972,2.5858001586508323,1.4254575617849647,0.1330238568707871,0.8522886438580202,Running
1.4963974609094315,0.04163531080745719,3.3033983017671504,1.8773622905756713,0.8790358261703362,0.9268858389945308,Running
1.7083828079475525,-0.8417348684242907,1.552822617479403,0.31801575200220145,0.09837999010508458,0.6188997071140452,Running
3.297686526849523,1.8408428612670098,1.2288210102172032,1.5725827813561586,2.4993554365860025,1.824633682912769,Running
1.5596303699201741,0.5530632222944261,2.49822331361359,1.3934853854217497,1.9951932200277325,1.5351718016819695,Running
2.549552715319335,0.664764788439432,3.1173940656343255,1.1975996046923996,3.1752608726252656,0.21081218191043216,Running
3.2359638031652493,1.3979107834626476,1.1485819963855517,0.5161141659456785,0.7796526918056799,1.3241659464019164,Running
2.0228354880354997,0.626299996061421,1.7756454077390171,3.1422703586118637,2.8275431701007117,1.3363236696740322,Running
1.5380034781682004,1.3200313267182613,2.413517972730417,-0.022792565198405557,0.842623462576655,-0.7685840738775894,Running
1.8992231226052794,1.847195939702741,1.316813537700626,2.5739867632900326,-0.12576566300234115,-0.5643748802098202,Running
1.724451818559972,2.2470983026121543,3.4839276914578687,0.54111573713106,2.1786808334312955,0.8614915304992928,Running
1.3273727000591804,2.083659937486672,2.45232287841342,-0.5763921569842494,2.576540349725896,2.2800913541474515,Running
0.8744372984904706,1.595803533437409,2.294030186282739,1.260673765823907,0.54969484615458,0.22837663206194847,Running
1.4744459290085548,2.3727290192593644,2.3436001545944323,0.629385667913894,1.871698710648345,-1.9485426206300756,Running
2.6487657003721035,-0.5397137787780997,1.4375590585968678,-0.11966989462614386,-0.19468147572090566,2.0608267873785193,Running
1.0322987986881087,1.5465038817307157,1.753079421120816,1.4770408272231215,1.1768218910602555,-0.3829922241885696,Running
2.49626681944714,0.7062434168386875,0.243418101340249,0.5718848390340875,2.600759790634311,1.750221742113493,Running
1.1513478655921408,0.8507422956815711,1.4783649487826174,3.076747983560841,1.4819354522315535,1.3300416471910697,Running
2.530283454031842,1.4387891590265134,1.540957854179297,0.8036501509150218,1.028398740585936,0.8627777634901584,Running
2.2276295436369797,1.2519458858072994,2.5326400772155795,0.9192834198914177,1.1786351903160908,-1.0982006845321077,Running
2.4163276747024813,1.5464884758979927,2.798010109859652,-1.8962553781936893,3.1883747047807276,0.7604103718448263,Running
2.6081828167375165,0.16009407287446908,2.41277390506257,-0.053415563173656144,0.47623103930419497,2.814031353866786,Running
1.3093175992366535,1.4174328731797228,2.6700677306887544,1.4956818879726046,1.2504189051435766,1.2649610024662254,Running
3.903415585238275,1.1423812029664147,2.0010990467149674,2.0506543960076122,2.205525932957984,2.08703030556038,Running
2.1387302220291846,0.05699508726951641,3.433431532301096,-0.14634539301868799,1.4026354652390334,0.1457241499806421,Running
1.4358616534070074,1.5287624103034805,2.1213572154502733,1.4219207542352847,2.7137112690586473,1.3535343015139798,Running
1.2558433647093512,2.1640871682883573,2.9894704889246406,-0.22760781513699246,1.6974000698498581,1.6011727423108983,Running
1.202436496640008,2.575706813311619,1.6499444129674734,1.1255764534715422,0.9269281757161305,0.9155790475814676,Running
0.4037249131047982,-0.2400508825942944,3.3945050632249725,0.1530386516816722,0.10860765054369292,-1.2533901136037149,Running
0.8610382523104978,-0.12308979340749837,3.442015160136369,2.009817089342634,0.4118496548222763,3.1524358053443087,Running
2.4817654869915944,0.8751686164913774,-0.6994057148735731,3.2909425725907417,-0.28957246676359594,-0.7453987469568918,Running
2.5225704320096405,3.639752406339273,3.184272818510518,1.5639091200523596,1.694754341665286,1.7534155587803077,Running
2.2589285897867653,1.4811914239693758,1.904201103951876,0.9374068721004776,0.3460354111333238,0.619324923133226,Running
-0.19295681419538546,1.1016603732052501,0.8114088928490826,-0.10358931721577092,1.2798941511534785,2.2920022863445992,Running
2.418316606002313,-0.37050060362317705,0.8103718634296625,1.940771187988216,0.11751260646169048,0.6753668500029755,Running
2.050052099024552,0.23165554513636466,1.9053755061459599,-0.33402549491820444,0.4986323560487864,1.2197819341425369,Running
-0.09299373353166929,1.640474737960399,1.7803622010733189,1.5524899544171478,1.3239141340646614,2.2641404299738443,Running
0.22522450264790728,-0.379405541125253,0.32229750303228377,0.593298029036388,0.07886007032570433,0.060591691203882386,Sitting
-0.6019916878067554,-0.6129009175509481,-1.2026052717996936,1.7995767431869394,-1.213863235391285,-0.6729051977959073,Sitting
-0.6184072655691975,0.9449243769444413,-0.09494967829202777,1.2977420726737339,-0.6434906242438685,0.298994162223802,Sitting
-0.7353470532597574,2.195149127773388,-0.9875984190295128,0.3598207102270275,0.6637768809320985,0.43379909745149825,Sitting
-0.08528765887770828,-0.07982069973342616,0.2438114719791096,-0.09700200162848861,0.9938791167949097,2.2305230015913513,Sitting
-0.4574917850078336,-1.3198029795790778,0.11171795164874519,2.6297093376543184,-0.7736745679697308,1.6591168054440675,Sitting
1.7777008140764408,-0.5035882417079945,0.7689830791852754,1.678396623128538,-0.3491277409874871,-0.18358036010236178,Sitting
-0.48168091394864376,-0.9647567306928668,-0.4492775450660071,-1.1739402667622565,0.06408346825922606,-0.7499732310586418,Sitting
0.3337859117907477,-1.5058956462036273,0.530880232214457,0.8835289616089247,-1.9637356425714554,0.39405656984757215,Sitting
1.3276689924732923,-1.1596410186912054,1.8725723868377033,0.4690190093660452,-0.6750118557584088,-0.03576907765770601,Sitting
0.6583269125217224,0.12600539141241152,0.7387559924463691,-0.8706735930793662,0.199360824036078,-1.3937144969049802,Sitting
-0.011226061348700314,-0.8539076414647897,-0.5355299425897666,1.2860931752104374,1.121310120594269,0.629138120907177,Sitting
-0.992312764672579,-0.26640844969480193,1.4130976999791833,0.19171691363990473,2.349329539981694,0.4133178393943719,Sitting
0.2920491164900316,-0.2591164642025014,0.3335409047822823,-0.1024698363805439,0.7381086766885905,0.9767023167945841,Sitting
-0.6859894605079495,-1.281232953557778,-1.6362053731032966,0.5579913269125437,-1.0733666061738736,-2.132890592952483,Sitting
0.48857860453096413,2.5429995174327904,0.19392908846010667,0.8884907744516419,0.11182935854756501,-0.07888965319114266,Sitting
1.0190764829877685,-0.24027454418865135,0.46739231407190296,0.3716978061960136,-0.6380904536430487,1.0120423495365227,Sitting
-0.07495975669540864,-0.7057451594928447,0.7365098435704036,-0.8484679817910372,0.058181157369128246,0.010881003355796457,Sitting
1.1858955658315782,0.5246982328799528,0.1749730412548561,0.8677662992002871,1.4202075490173134,0.5778103063518623,Sitting
0.11035261984338061,-1.2618362323501595,-0.8651136630753726,-0.25522470435466765,-0.5795122021592831,-0.16697130298544602,Sitting
0.15664992489710716,0.5796927543567308,0.1295012219409088,0.5365016438262019,0.09447441481012024,-1.9554665663538713,Sitting
-0.8393353938187543,-0.09408755572161547,-1.0096947428411076,0.6499287299962045,1.5607508323436974,1.2387618516973167,Sitting
-0.113442870930208,1.540726136849952,0.34866745720211156,-0.28708597111803935,-0.5834026635409397,-0.2824696864881283,Sitting
-0.2881768185412288,0.2204162223754877,0.3605739810498646,0.053046020153414475,0.46693816974634983,1.2106462747863413,Sitting
1.0495541354413238,-1.4348979684499035,-2.3539211349019546,0.9843199112392738,-1.336878698415421,-0.20476540189268355,Sitting
-1.0701130260593594,-1.7519804375800196,0.7414627282047881,0.8091551603026469,-0.5465104007267194,-2.57104229214491,Sitting
-0.4462444482524828,0.4418040054025465,-1.2789115687741288,0.23335991977915566,0.014690150827004441,0.5992914996010884,Sitting
0.21958036841415327,-0.9230689408815554,1.3965715016644913,-0.10852957302697001,0.002695460490068139,-0.913267959073196,Sitting
-0.34328225119151035,-0.8348027140269009,0.02705394007657702,1.7617084801423435,-1.3419011429313563,-1.5935613978767411,Sitting
1.5711703274936086,-0.15932367715186613,-0.46907273865991655,1.0899046873960765,-0.5756155397368641,1.8460097135469362,Sitting
0.777925871339269,-0.4379114081457027,2.3573082132655037,-0.5557149230033384,0.772095372009307,0.31929258040649194,Sitting
1.4017412893987982,1.6115111967268527,0.23200414906576663,-0.7034178703461834,0.4899721429391164,-0.6577153697521061,Sitting
2.113387247526623,0.18653533108273745,-0.16532155131210868,0.2346803058649084,-1.3171262895296965,-0.9516140385106515,Sitting
1.3004139079444255,-0.6068942789713957,-0.8469109826819397,0.5866527525272862,1.215704154662997,0.7389533106650668,Sitting
1.0960476858058164,-0.7067950885694607,-1.2218106667418438,1.5513336519554868,-0.2926798388421358,-0.23083301645504736,Sitting
1.428194141849058,0.60623000940066,0.6558877720816076,2.215002344901084,-0.613518230380143,0.9478401280812372,Sitting
0.15701312489708452,0.3185922788632569,1.7284684264125316,0.5578357562896238,0.568296079049633,1.0925073373098022,Sitting
-0.2649527295428853,-0.7892096673390063,-0.8448091940210336,-1.9163565893760017,2.086207129940322,-1.083208365721683,Sitting
-0.12125362358577199,-0.22681329988892068,0.5074066978091007,0.8657372125392968,0.8904734883597454,-0.5630774385689384,Sitting
-0.06712171378641149,0.33257995048829964,-0.04869112618354707,1.6573455760199927,0.5209749516382514,0.7548777860498175,Sitting
0.7628812686674127,1.223473857485325,0.38102155870370696,-1.2468319479558465,0.42968795175264163,-0.631356893791829,Sitting
-0.42861668174975687,0.6363640187550933,1.4382830714336357,0.07127157673606166,0.3388330125989638,1.722214944635238,Sitting
0.3407531794885683,2.6516831141803947,0.7655096456315442,-1.7107627591558177,0.7833416211045325,0.4011583848827778,Sitting
1.3897527540827457,0.7231813512699584,0.061544016016226194,-1.1742982362893657,-0.17902325728602528,-0.8305204542093001,Sitting
-0.4805234498047227,0.6385784044206096,1.8699045043514062,0.4446715298229811,-1.1658830620351843,0.46460266822014074,Sitting
1.2966314866456512,-0.5597829043193822,0.06598283332708232,0.0646881947291971,-0.75489831308224,0.668280433843859,Sitting
-0.02094814860778156,0.46953244390702775,-0.6874921778021001,-0.38745830032341044,0.7523813578277714,-0.35283315209176697,Sitting
1.8269638512334052,-0.34963618561460236,0.4246847257518859,0.9825908318730899,-1.3883657329330317,-1.7408088119807759,Sitting
-1.4256563145700947,1.3125841034271821,-0.35185814589244674,2.608199285668252,-0.5342475986573886,0.20455130319703696,Sitting
1.6421099525678757,2.0560928881591227,2.261503576636398,1.2583662305931425,1.0540625258114624,0.6125269492011831,Sitting
0.8783610761666377,-0.5011857163285334,-0.6181988834223071,0.04662554258904795,-0.14018462252492844,-0.43322804932727516,Sitting
0.7963874474567153,1.0053052085705108,0.28840688629184735,1.527530081055262,-1.111689114133505,-0.17365945927971813,Sitting
-0.616822320602805,-1.81653661707306,0.11731931415730076,-0.07174750838328353,1.543449743242131,0.6508116845547776,Sitting
-0.924186824329205,1.9040925663341883,1.4210336955253529,0.6320977034686158,-0.19648409884983192,-0.9394392367234797,Sitting
-0.27220677607105304,1.138748619704186,2.084586305934609,1.593243528272189,-0.4588494217862741,-1.0996174332890112,Sitting
0.24088624691120394,-1.7184393655628516,0.5231677141847815,-0.09760258629866868,-0.4360365018682423,-1.5747030672667954,Sitting
0.6136001065697165,-0.4827008396619114,-0.9699168357102881,-2.8222622132816495,0.002485094949363744,1.792251596669744,Sitting
1.76125921454787,-0.40709625658627185,-0.40221206036178053,0.5187742560750238,-0.9683854391882915,0.321791899819466,Sitting
0.8660802783846903,1.2769332238843076,0.09984592352004723,-0.15367375017696588,-0.847982586756561,-0.80688035403986,Sitting
-0.12647889190152675,0.41736550681617807,1.1135846262332494,-0.7531789506803448,1.5226885689595218,-0.25112360104256876,Sitting
0.07863270565156386,-0.6972116791478233,-2.2242402602729414,0.9340453963610498,0.7668438970924334,-0.26132755711821337,Sitting
0.1669907172248719,0.5659392177040995,-1.3625458568865427,-0.4790526773462948,0.8242646796218271,-1.2342894231692494,Sitting
0.39355793216662927,-1.306581804623405,0.6664299824335264,0.014358517702516435,-1.5851318159055094,1.1847393544571714,Sitting
-0.6345915767980492,-0.7602524370143809,0.40056919723094286,1.1986373494287152,-0.9858218189783969,0.08167984984797165,Sitting
0.5288165003305729,0.7431056072631441,0.3764415552772252,-0.3170278390833223,-0.7975902206487196,0.10614388304637476,Sitting
-0.9721390119856069,-2.8713504834946075,0.6365598041576679,0.9539348410861953,-2.3329324355418386,-0.9897307047099375,Sitting
0.7191542610051977,2.1074954697116985,0.2207937076754079,-0.6780029412291344,-0.15289644110484016,1.3948764191481848,Sitting
-0.5459641791245353,-0.7491920066502535,-0.2827435221820324,-0.9033286082587123,0.15267031599479552,1.6446784584695606,Sitting
0.4230792731160291,-0.2023535021262876,-0.09181126891554409,-1.513190808696657,0.913109777147159,-0.05783719701280203,Sitting
-0.08047991359062565,3.2431075678448607,0.49875290836568625,-0.7017910500951843,-0.39635759620554334,1.1684457091967548,Sitting
0.21327041053776447,-1.3882779783173667,1.1192289345752036,-0.6181440855389939,1.9032977762175456,1.1000480657146485,Sitting
-0.34732189565875116,1.331016361735113,0.2678555105274033,0.9027736751222195,0.5147328172944747,-0.8263566549908735,Sitting
-0.543549832317462,1.0799608175811612,-0.13477533210654086,-0.3536484632419967,-0.9251225793493529,0.4435990655934611,Sitting
2.162524919243145,-1.0175329142542728,0.22421945667275808,1.4622205554154293,-0.04964139124571515,0.4723717962497339,Sitting
-0.9623935281468797,0.4783070972076486,0.012855734995451229,1.035729995679863,1.2173860515647512,2.609563642018614,Sitting
0.6796331732135756,0.37579631658216645,0.39438430157733606,-0.30316629281068835,0.36848384346169116,-0.2754014101390294,Sitting
0.2684609762696143,1.3675975356079597,-0.8065425652796412,1.1898785611290454,1.3471150673398653,-0.09806852699107874,Sitting
-2.0218548990085945,-0.5578219870944324,1.4969945465611092,0.02713193770111788,-0.9693022322949107,-0.4847749212282174,Sitting
0.940620026504553,0.5967335682013793,-0.03893209916969431,-0.31682441181468757,-0.36175814904382186,-0.9024101844985025,Sitting
1.7153756894694419,-0.2723204692113399,1.4171585208254964,1.5713160519224514,1.0283108981479603,-0.4116203127180484,Sitting
0.5037300903366094,0.025804393609083837,-0.7037018607301282,0.374359281721603,-1.1490397911598025,1.2076793884615638,Sitting
-0.3646172972983931,0.2511596558728393,0.48328787154614217,-0.20890497370407735,0.6166938014752747,-0.4549036566225244,Sitting
0.9712972974572441,-1.2959796802467485,0.32637957954641184,1.9889289990582848,-0.9703313246055747,-0.6577449705248515,Sitting
0.613907849658915,0.22958178193959794,0.5506300992735592,0.5391871301476635,0.66472146856177,1.1296998419562232,Sitting
0.5098186569285126,-0.19125765461854244,0.8725737012027313,1.9498819348952157,-0.10263374638257355,-0.9545293046706415,Sitting
1.2070806692869729,-0.07038116395359824,-1.9726695460140362,0.8974216771504216,-0.5053281859539227,-0.07053328230416077,Sitting
0.4319803305690145,0.2404996797790664,0.9094518171390396,-0.38548637056984336,0.5431057981760827,-0.2395466775839172,Sitting
0.838810480887503,0.6653674840130535,-0.7354387020445954,1.1359821161750323,-0.505963445114048,0.8280577982811451,Sitting
0.46728731340134066,1.8881836767951226,-0.02346598237185213,-0.2993167961181975,0.01058039411226739,-0.2831797828342754,Sitting
0.89994190194205,-1.5663106084365879,-0.8536824191463541,-1.017802921579193,0.9803075919735758,1.7306133725819253,Sitting
-0.004449218537471489,-0.11882172319001062,0.27005216311318136,1.2118783026081905,-0.897353134190574,0.25836898273478515,Sitting
1.0751976297824297,0.5510941699398453,0.3895816165987434,1.0510460925671412,-2.6732322929992374,0.6978753195309076,Sitting
-0.5540756831274238,-1.7806328968564569,0.7112025995249807,1.4236585451629578,-0.10744851462769187,0.9728745472029389,Sitting
1.7122782579886455,1.3649144535840474,1.8399645293713929,0.7921274910718923,0.1054336389015928,-1.5819658118971685,Sitting
-0.14606248812994857,-0.7932465953161917,2.370942717497814,-0.1258858124323366,0.15320480678448567,0.5714853760404676,Sitting
0.14360244637245373,1.745051040430753,-0.42264936173445194,0.2446074552372427,-0.7124705856980482,-1.3000225112207058,Sitting
-0.5117690909052854,0.012963202951587982,-0.22930222451725996,-0.6424209798738559,-1.3763174636718338,-0.06310557262869476,Sitting
-1.4047203740310021,0.8100559636896026,0.2824397529345033,-1.4075514994649305,-0.2792090770498634,-0.7321564055905831,Sitting
0.4191745104191804,1.3904504460231446,-1.6751724696457446,0.16502607914741718,-0.1301327955666404,0.6913400764504657,Sitting
0.3131966282376891,-0.701969331738819,-0.11905393566661815,-0.746025856803489,1.1060071385985983,0.04131164867194222,Sitting
